{
    "loss_function": "Cox",
    "grow_policy": "SymmetricTree",
    "random_seed": 2025,
    "verbose": 500,
    "n_estimators": 1859,
    "learning_rate": 0.05914497882044241,
    "max_depth": 5,
    "colsample_bylevel": 0.890870831517773,
    "min_child_samples": 12,
    "l2_leaf_reg": 0.08051231482241349,
    "subsample": 0.5500531172268484
}