{
    "loss_function": "Cox",
    "grow_policy": "Depthwise",
    "random_seed": 2025,
    "verbose": 500,
    "n_estimators": 1736,
    "learning_rate": 0.0722201412017205,
    "max_depth": 6,
    "colsample_bylevel": 0.34932055054998035,
    "min_child_samples": 8,
    "l2_leaf_reg": 0.051456076104764464,
    "subsample": 0.012950046917088828
}