{
    "loss_function": "Cox",
    "grow_policy": "Lossguide",
    "random_seed": 2025,
    "verbose": 500,
    "n_estimators": 1579,
    "learning_rate": 0.056101178687189585,
    "max_depth": 7,
    "colsample_bylevel": 0.1818736958568894,
    "min_child_samples": 14,
    "l2_leaf_reg": 0.07584545471095619,
    "subsample": 0.38579776044013586
}